<?xml version="1.0" encoding="utf-8"?>
<!-- Generated by PRONEXUS WORKS -->
<link:linkbase xmlns:link="http://www.xbrl.org/2003/linkbase" xmlns:xsi="http://www.w3.org/2001/XMLSchema-instance" xmlns:xbrli="http://www.xbrl.org/2003/instance" xmlns:xlink="http://www.w3.org/1999/xlink">
  <link:roleRef xlink:type="simple" roleURI="http://disclosure.edinet-fsa.go.jp/role/jpcrp-sbr/rol_CabinetOfficeOrdinanceOnDisclosureOfCorporateInformationEtcFormNo17ShareBuybackReport" xlink:href="http://disclosure.edinet-fsa.go.jp/taxonomy/jpcrp-sbr/2021-11-01/jpcrp-sbr_rt_2021-11-01.xsd#rol_CabinetOfficeOrdinanceOnDisclosureOfCorporateInformationEtcFormNo17ShareBuybackReport" />
  <link:roleRef xlink:type="simple" roleURI="http://disclosure.edinet-fsa.go.jp/role/jpcrp-sbr/rol_CoverPage" xlink:href="http://disclosure.edinet-fsa.go.jp/taxonomy/jpcrp-sbr/2021-11-01/jpcrp-sbr_rt_2021-11-01.xsd#rol_CoverPage" />
  <link:presentationLink xlink:type="extended" xlink:role="http://disclosure.edinet-fsa.go.jp/role/jpcrp-sbr/rol_CoverPage">
    <link:loc xlink:type="locator" xlink:href="http://disclosure.edinet-fsa.go.jp/taxonomy/jpcrp-sbr/2021-11-01/jpcrp-sbr_cor_2021-11-01.xsd#jpcrp-sbr_cor_CoverPageHeading" xlink:label="CoverPageHeading" />
    <link:loc xlink:type="locator" xlink:href="http://disclosure.edinet-fsa.go.jp/taxonomy/jpcrp-sbr/2021-11-01/jpcrp-sbr_cor_2021-11-01.xsd#jpcrp-sbr_cor_DocumentTitleCoverPage" xlink:label="DocumentTitleCoverPage" />
    <link:presentationArc xlink:type="arc" xlink:arcrole="http://www.xbrl.org/2003/arcrole/parent-child" xlink:from="CoverPageHeading" xlink:to="DocumentTitleCoverPage" order="1.0" />
    <link:loc xlink:type="locator" xlink:href="http://disclosure.edinet-fsa.go.jp/taxonomy/jpcrp-sbr/2021-11-01/jpcrp-sbr_cor_2021-11-01.xsd#jpcrp-sbr_cor_ClauseOfStipulationCoverPage" xlink:label="ClauseOfStipulationCoverPage" />
    <link:presentationArc xlink:type="arc" xlink:arcrole="http://www.xbrl.org/2003/arcrole/parent-child" xlink:from="CoverPageHeading" xlink:to="ClauseOfStipulationCoverPage" order="2.0" />
    <link:loc xlink:type="locator" xlink:href="http://disclosure.edinet-fsa.go.jp/taxonomy/jpcrp-sbr/2021-11-01/jpcrp-sbr_cor_2021-11-01.xsd#jpcrp-sbr_cor_PlaceOfFilingCoverPage" xlink:label="PlaceOfFilingCoverPage" />
    <link:presentationArc xlink:type="arc" xlink:arcrole="http://www.xbrl.org/2003/arcrole/parent-child" xlink:from="CoverPageHeading" xlink:to="PlaceOfFilingCoverPage" order="3.0" />
    <link:loc xlink:type="locator" xlink:href="http://disclosure.edinet-fsa.go.jp/taxonomy/jpcrp-sbr/2021-11-01/jpcrp-sbr_cor_2021-11-01.xsd#jpcrp-sbr_cor_FilingDateCoverPage" xlink:label="FilingDateCoverPage" />
    <link:presentationArc xlink:type="arc" xlink:arcrole="http://www.xbrl.org/2003/arcrole/parent-child" xlink:from="CoverPageHeading" xlink:to="FilingDateCoverPage" order="4.0" />
    <link:loc xlink:type="locator" xlink:href="http://disclosure.edinet-fsa.go.jp/taxonomy/jpcrp-sbr/2021-11-01/jpcrp-sbr_cor_2021-11-01.xsd#jpcrp-sbr_cor_ReportingPeriodCoverPage" xlink:label="ReportingPeriodCoverPage" />
    <link:presentationArc xlink:type="arc" xlink:arcrole="http://www.xbrl.org/2003/arcrole/parent-child" xlink:from="CoverPageHeading" xlink:to="ReportingPeriodCoverPage" order="5.0" />
    <link:loc xlink:type="locator" xlink:href="http://disclosure.edinet-fsa.go.jp/taxonomy/jpcrp-sbr/2021-11-01/jpcrp-sbr_cor_2021-11-01.xsd#jpcrp-sbr_cor_CompanyNameCoverPage" xlink:label="CompanyNameCoverPage" />
    <link:presentationArc xlink:type="arc" xlink:arcrole="http://www.xbrl.org/2003/arcrole/parent-child" xlink:from="CoverPageHeading" xlink:to="CompanyNameCoverPage" order="6.0" />
    <link:loc xlink:type="locator" xlink:href="http://disclosure.edinet-fsa.go.jp/taxonomy/jpcrp-sbr/2021-11-01/jpcrp-sbr_cor_2021-11-01.xsd#jpcrp-sbr_cor_CompanyNameInEnglishCoverPage" xlink:label="CompanyNameInEnglishCoverPage" />
    <link:presentationArc xlink:type="arc" xlink:arcrole="http://www.xbrl.org/2003/arcrole/parent-child" xlink:from="CoverPageHeading" xlink:to="CompanyNameInEnglishCoverPage" order="7.0" />
    <link:loc xlink:type="locator" xlink:href="http://disclosure.edinet-fsa.go.jp/taxonomy/jpcrp-sbr/2021-11-01/jpcrp-sbr_cor_2021-11-01.xsd#jpcrp-sbr_cor_TitleAndNameOfRepresentativeCoverPage" xlink:label="TitleAndNameOfRepresentativeCoverPage" />
    <link:presentationArc xlink:type="arc" xlink:arcrole="http://www.xbrl.org/2003/arcrole/parent-child" xlink:from="CoverPageHeading" xlink:to="TitleAndNameOfRepresentativeCoverPage" order="8.0" />
    <link:loc xlink:type="locator" xlink:href="http://disclosure.edinet-fsa.go.jp/taxonomy/jpcrp-sbr/2021-11-01/jpcrp-sbr_cor_2021-11-01.xsd#jpcrp-sbr_cor_AddressOfRegisteredHeadquarterCoverPage" xlink:label="AddressOfRegisteredHeadquarterCoverPage" />
    <link:presentationArc xlink:type="arc" xlink:arcrole="http://www.xbrl.org/2003/arcrole/parent-child" xlink:from="CoverPageHeading" xlink:to="AddressOfRegisteredHeadquarterCoverPage" order="9.0" />
    <link:loc xlink:type="locator" xlink:href="http://disclosure.edinet-fsa.go.jp/taxonomy/jpcrp-sbr/2021-11-01/jpcrp-sbr_cor_2021-11-01.xsd#jpcrp-sbr_cor_TelephoneNumberAddressOfRegisteredHeadquarterCoverPage" xlink:label="TelephoneNumberAddressOfRegisteredHeadquarterCoverPage" />
    <link:presentationArc xlink:type="arc" xlink:arcrole="http://www.xbrl.org/2003/arcrole/parent-child" xlink:from="CoverPageHeading" xlink:to="TelephoneNumberAddressOfRegisteredHeadquarterCoverPage" order="10.0" />
    <link:loc xlink:type="locator" xlink:href="http://disclosure.edinet-fsa.go.jp/taxonomy/jpcrp-sbr/2021-11-01/jpcrp-sbr_cor_2021-11-01.xsd#jpcrp-sbr_cor_NameOfContactPersonCoverPage" xlink:label="NameOfContactPersonCoverPage" />
    <link:presentationArc xlink:type="arc" xlink:arcrole="http://www.xbrl.org/2003/arcrole/parent-child" xlink:from="CoverPageHeading" xlink:to="NameOfContactPersonCoverPage" order="11.0" />
    <link:loc xlink:type="locator" xlink:href="http://disclosure.edinet-fsa.go.jp/taxonomy/jpcrp-sbr/2021-11-01/jpcrp-sbr_cor_2021-11-01.xsd#jpcrp-sbr_cor_NearestPlaceOfContactCoverPage" xlink:label="NearestPlaceOfContactCoverPage" />
    <link:presentationArc xlink:type="arc" xlink:arcrole="http://www.xbrl.org/2003/arcrole/parent-child" xlink:from="CoverPageHeading" xlink:to="NearestPlaceOfContactCoverPage" order="12.0" />
    <link:loc xlink:type="locator" xlink:href="http://disclosure.edinet-fsa.go.jp/taxonomy/jpcrp-sbr/2021-11-01/jpcrp-sbr_cor_2021-11-01.xsd#jpcrp-sbr_cor_TelephoneNumberNearestPlaceOfContactCoverPage" xlink:label="TelephoneNumberNearestPlaceOfContactCoverPage" />
    <link:presentationArc xlink:type="arc" xlink:arcrole="http://www.xbrl.org/2003/arcrole/parent-child" xlink:from="CoverPageHeading" xlink:to="TelephoneNumberNearestPlaceOfContactCoverPage" order="13.0" />
    <link:loc xlink:type="locator" xlink:href="http://disclosure.edinet-fsa.go.jp/taxonomy/jpcrp-sbr/2021-11-01/jpcrp-sbr_cor_2021-11-01.xsd#jpcrp-sbr_cor_NameOfContactPersonNearestPlaceOfContactCoverPage" xlink:label="NameOfContactPersonNearestPlaceOfContactCoverPage" />
    <link:presentationArc xlink:type="arc" xlink:arcrole="http://www.xbrl.org/2003/arcrole/parent-child" xlink:from="CoverPageHeading" xlink:to="NameOfContactPersonNearestPlaceOfContactCoverPage" order="14.0" />
    <link:loc xlink:type="locator" xlink:href="http://disclosure.edinet-fsa.go.jp/taxonomy/jpcrp-sbr/2021-11-01/jpcrp-sbr_cor_2021-11-01.xsd#jpcrp-sbr_cor_PlaceForPublicInspectionCoverPageTextBlock" xlink:label="PlaceForPublicInspectionCoverPageTextBlock" />
    <link:presentationArc xlink:type="arc" xlink:arcrole="http://www.xbrl.org/2003/arcrole/parent-child" xlink:from="CoverPageHeading" xlink:to="PlaceForPublicInspectionCoverPageTextBlock" order="15.0" />
  </link:presentationLink>
  <link:presentationLink xlink:type="extended" xlink:role="http://disclosure.edinet-fsa.go.jp/role/jpcrp-sbr/rol_CabinetOfficeOrdinanceOnDisclosureOfCorporateInformationEtcFormNo17ShareBuybackReport">
    <link:loc xlink:type="locator" xlink:href="http://disclosure.edinet-fsa.go.jp/taxonomy/jpcrp-sbr/2021-11-01/jpcrp-sbr_cor_2021-11-01.xsd#jpcrp-sbr_cor_CabinetOfficeOrdinanceOnDisclosureOfCorporateInformationEtcFormNo17ShareBuybackReportHeading" xlink:label="CabinetOfficeOrdinanceOnDisclosureOfCorporateInformationEtcFormNo17ShareBuybackReportHeading" />
    <link:loc xlink:type="locator" xlink:href="http://disclosure.edinet-fsa.go.jp/taxonomy/jpcrp-sbr/2021-11-01/jpcrp-sbr_cor_2021-11-01.xsd#jpcrp-sbr_cor_CoverPageHeading" xlink:label="CoverPageHeading" />
    <link:presentationArc xlink:type="arc" xlink:arcrole="http://www.xbrl.org/2003/arcrole/parent-child" xlink:from="CabinetOfficeOrdinanceOnDisclosureOfCorporateInformationEtcFormNo17ShareBuybackReportHeading" xlink:to="CoverPageHeading" order="1.0" />
    <link:loc xlink:type="locator" xlink:href="http://disclosure.edinet-fsa.go.jp/taxonomy/jpcrp-sbr/2021-11-01/jpcrp-sbr_cor_2021-11-01.xsd#jpcrp-sbr_cor_ClassesOfSharesHeading" xlink:label="ClassesOfSharesHeading_2" />
    <link:presentationArc xlink:type="arc" xlink:arcrole="http://www.xbrl.org/2003/arcrole/parent-child" xlink:from="CabinetOfficeOrdinanceOnDisclosureOfCorporateInformationEtcFormNo17ShareBuybackReportHeading" xlink:to="ClassesOfSharesHeading_2" order="2.0" />
    <link:loc xlink:type="locator" xlink:href="http://disclosure.edinet-fsa.go.jp/taxonomy/jpcrp-sbr/2021-11-01/jpcrp-sbr_cor_2021-11-01.xsd#jpcrp-sbr_cor_ClassesOfSharesHeading" xlink:label="ClassesOfSharesHeading" />
    <link:loc xlink:type="locator" xlink:href="http://disclosure.edinet-fsa.go.jp/taxonomy/jpcrp-sbr/2021-11-01/jpcrp-sbr_cor_2021-11-01.xsd#jpcrp-sbr_cor_ClassesOfSharesTextBlock" xlink:label="ClassesOfSharesTextBlock" />
    <link:presentationArc xlink:type="arc" xlink:arcrole="http://www.xbrl.org/2003/arcrole/parent-child" xlink:from="ClassesOfSharesHeading" xlink:to="ClassesOfSharesTextBlock" order="1.0" />
    <link:loc xlink:type="locator" xlink:href="http://disclosure.edinet-fsa.go.jp/taxonomy/jpcrp-sbr/2021-11-01/jpcrp-sbr_cor_2021-11-01.xsd#jpcrp-sbr_cor_AcquisitionsOfTreasurySharesHeading" xlink:label="AcquisitionsOfTreasurySharesHeading_2" />
    <link:presentationArc xlink:type="arc" xlink:arcrole="http://www.xbrl.org/2003/arcrole/parent-child" xlink:from="CabinetOfficeOrdinanceOnDisclosureOfCorporateInformationEtcFormNo17ShareBuybackReportHeading" xlink:to="AcquisitionsOfTreasurySharesHeading_2" order="3.0" />
    <link:loc xlink:type="locator" xlink:href="http://disclosure.edinet-fsa.go.jp/taxonomy/jpcrp-sbr/2021-11-01/jpcrp-sbr_cor_2021-11-01.xsd#jpcrp-sbr_cor_AcquisitionsOfTreasurySharesHeading" xlink:label="AcquisitionsOfTreasurySharesHeading" />
    <link:loc xlink:type="locator" xlink:href="http://disclosure.edinet-fsa.go.jp/taxonomy/jpcrp-sbr/2021-11-01/jpcrp-sbr_cor_2021-11-01.xsd#jpcrp-sbr_cor_AcquisitionsByResolutionOfShareholdersMeetingHeading" xlink:label="AcquisitionsByResolutionOfShareholdersMeetingHeading_2" />
    <link:presentationArc xlink:type="arc" xlink:arcrole="http://www.xbrl.org/2003/arcrole/parent-child" xlink:from="AcquisitionsOfTreasurySharesHeading" xlink:to="AcquisitionsByResolutionOfShareholdersMeetingHeading_2" order="1.0" />
    <link:loc xlink:type="locator" xlink:href="http://disclosure.edinet-fsa.go.jp/taxonomy/jpcrp-sbr/2021-11-01/jpcrp-sbr_cor_2021-11-01.xsd#jpcrp-sbr_cor_AcquisitionsByResolutionOfShareholdersMeetingHeading" xlink:label="AcquisitionsByResolutionOfShareholdersMeetingHeading" />
    <link:loc xlink:type="locator" xlink:href="http://disclosure.edinet-fsa.go.jp/taxonomy/jpcrp-sbr/2021-11-01/jpcrp-sbr_cor_2021-11-01.xsd#jpcrp-sbr_cor_AcquisitionsByResolutionOfShareholdersMeetingTextBlock" xlink:label="AcquisitionsByResolutionOfShareholdersMeetingTextBlock" />
    <link:presentationArc xlink:type="arc" xlink:arcrole="http://www.xbrl.org/2003/arcrole/parent-child" xlink:from="AcquisitionsByResolutionOfShareholdersMeetingHeading" xlink:to="AcquisitionsByResolutionOfShareholdersMeetingTextBlock" order="1.0" />
    <link:loc xlink:type="locator" xlink:href="http://disclosure.edinet-fsa.go.jp/taxonomy/jpcrp-sbr/2021-11-01/jpcrp-sbr_cor_2021-11-01.xsd#jpcrp-sbr_cor_AcquisitionsByResolutionOfBoardOfDirectorsMeetingHeading" xlink:label="AcquisitionsByResolutionOfBoardOfDirectorsMeetingHeading_2" />
    <link:presentationArc xlink:type="arc" xlink:arcrole="http://www.xbrl.org/2003/arcrole/parent-child" xlink:from="AcquisitionsOfTreasurySharesHeading" xlink:to="AcquisitionsByResolutionOfBoardOfDirectorsMeetingHeading_2" order="2.0" />
    <link:loc xlink:type="locator" xlink:href="http://disclosure.edinet-fsa.go.jp/taxonomy/jpcrp-sbr/2021-11-01/jpcrp-sbr_cor_2021-11-01.xsd#jpcrp-sbr_cor_AcquisitionsByResolutionOfBoardOfDirectorsMeetingHeading" xlink:label="AcquisitionsByResolutionOfBoardOfDirectorsMeetingHeading" />
    <link:loc xlink:type="locator" xlink:href="http://disclosure.edinet-fsa.go.jp/taxonomy/jpcrp-sbr/2021-11-01/jpcrp-sbr_cor_2021-11-01.xsd#jpcrp-sbr_cor_AcquisitionsByResolutionOfBoardOfDirectorsMeetingTextBlock" xlink:label="AcquisitionsByResolutionOfBoardOfDirectorsMeetingTextBlock" />
    <link:presentationArc xlink:type="arc" xlink:arcrole="http://www.xbrl.org/2003/arcrole/parent-child" xlink:from="AcquisitionsByResolutionOfBoardOfDirectorsMeetingHeading" xlink:to="AcquisitionsByResolutionOfBoardOfDirectorsMeetingTextBlock" order="1.0" />
    <link:loc xlink:type="locator" xlink:href="http://disclosure.edinet-fsa.go.jp/taxonomy/jpcrp-sbr/2021-11-01/jpcrp-sbr_cor_2021-11-01.xsd#jpcrp-sbr_cor_DisposalsOfTreasurySharesHeading" xlink:label="DisposalsOfTreasurySharesHeading_2" />
    <link:presentationArc xlink:type="arc" xlink:arcrole="http://www.xbrl.org/2003/arcrole/parent-child" xlink:from="CabinetOfficeOrdinanceOnDisclosureOfCorporateInformationEtcFormNo17ShareBuybackReportHeading" xlink:to="DisposalsOfTreasurySharesHeading_2" order="4.0" />
    <link:loc xlink:type="locator" xlink:href="http://disclosure.edinet-fsa.go.jp/taxonomy/jpcrp-sbr/2021-11-01/jpcrp-sbr_cor_2021-11-01.xsd#jpcrp-sbr_cor_DisposalsOfTreasurySharesHeading" xlink:label="DisposalsOfTreasurySharesHeading" />
    <link:loc xlink:type="locator" xlink:href="http://disclosure.edinet-fsa.go.jp/taxonomy/jpcrp-sbr/2021-11-01/jpcrp-sbr_cor_2021-11-01.xsd#jpcrp-sbr_cor_DisposalsOfTreasurySharesTextBlock" xlink:label="DisposalsOfTreasurySharesTextBlock" />
    <link:presentationArc xlink:type="arc" xlink:arcrole="http://www.xbrl.org/2003/arcrole/parent-child" xlink:from="DisposalsOfTreasurySharesHeading" xlink:to="DisposalsOfTreasurySharesTextBlock" order="1.0" />
    <link:loc xlink:type="locator" xlink:href="http://disclosure.edinet-fsa.go.jp/taxonomy/jpcrp-sbr/2021-11-01/jpcrp-sbr_cor_2021-11-01.xsd#jpcrp-sbr_cor_HoldingOfTreasurySharesHeading" xlink:label="HoldingOfTreasurySharesHeading_2" />
    <link:presentationArc xlink:type="arc" xlink:arcrole="http://www.xbrl.org/2003/arcrole/parent-child" xlink:from="CabinetOfficeOrdinanceOnDisclosureOfCorporateInformationEtcFormNo17ShareBuybackReportHeading" xlink:to="HoldingOfTreasurySharesHeading_2" order="5.0" />
    <link:loc xlink:type="locator" xlink:href="http://disclosure.edinet-fsa.go.jp/taxonomy/jpcrp-sbr/2021-11-01/jpcrp-sbr_cor_2021-11-01.xsd#jpcrp-sbr_cor_HoldingOfTreasurySharesHeading" xlink:label="HoldingOfTreasurySharesHeading" />
    <link:loc xlink:type="locator" xlink:href="http://disclosure.edinet-fsa.go.jp/taxonomy/jpcrp-sbr/2021-11-01/jpcrp-sbr_cor_2021-11-01.xsd#jpcrp-sbr_cor_HoldingOfTreasurySharesTextBlock" xlink:label="HoldingOfTreasurySharesTextBlock" />
    <link:presentationArc xlink:type="arc" xlink:arcrole="http://www.xbrl.org/2003/arcrole/parent-child" xlink:from="HoldingOfTreasurySharesHeading" xlink:to="HoldingOfTreasurySharesTextBlock" order="1.0" />
  </link:presentationLink>
</link:linkbase>