﻿<?xml version="1.0" encoding="utf-8"?>
<!-- Edited with FutureStage XBRL Solution Library .NET 01-11 -->
<link:linkbase xmlns:xlink="http://www.w3.org/1999/xlink" xmlns:xsi="http://www.w3.org/2001/XMLSchema-instance" xmlns:link="http://www.xbrl.org/2003/linkbase">
  <link:roleRef xlink:type="simple" xlink:href="http://disclosure.edinet-fsa.go.jp/taxonomy/jpcrp-sbr/2021-11-01/jpcrp-sbr_rt_2021-11-01.xsd#rol_CabinetOfficeOrdinanceOnDisclosureOfCorporateInformationEtcFormNo17ShareBuybackReport" roleURI="http://disclosure.edinet-fsa.go.jp/role/jpcrp-sbr/rol_CabinetOfficeOrdinanceOnDisclosureOfCorporateInformationEtcFormNo17ShareBuybackReport" />
  <link:roleRef xlink:type="simple" xlink:href="http://disclosure.edinet-fsa.go.jp/taxonomy/jpcrp-sbr/2021-11-01/jpcrp-sbr_rt_2021-11-01.xsd#rol_CoverPage" roleURI="http://disclosure.edinet-fsa.go.jp/role/jpcrp-sbr/rol_CoverPage" />
  <link:presentationLink xlink:type="extended" xlink:role="http://disclosure.edinet-fsa.go.jp/role/jpcrp-sbr/rol_CabinetOfficeOrdinanceOnDisclosureOfCorporateInformationEtcFormNo17ShareBuybackReport">
    <link:loc xlink:type="locator" xlink:href="http://disclosure.edinet-fsa.go.jp/taxonomy/jpcrp-sbr/2021-11-01/jpcrp-sbr_cor_2021-11-01.xsd#jpcrp-sbr_cor_AcquisitionsByResolutionOfBoardOfDirectorsMeetingHeading" xlink:label="jpcrp-sbr_cor_AcquisitionsByResolutionOfBoardOfDirectorsMeetingHeading" />
    <link:loc xlink:type="locator" xlink:href="http://disclosure.edinet-fsa.go.jp/taxonomy/jpcrp-sbr/2021-11-01/jpcrp-sbr_cor_2021-11-01.xsd#jpcrp-sbr_cor_AcquisitionsByResolutionOfBoardOfDirectorsMeetingTextBlock" xlink:label="jpcrp-sbr_cor_AcquisitionsByResolutionOfBoardOfDirectorsMeetingTextBlock" />
    <link:loc xlink:type="locator" xlink:href="http://disclosure.edinet-fsa.go.jp/taxonomy/jpcrp-sbr/2021-11-01/jpcrp-sbr_cor_2021-11-01.xsd#jpcrp-sbr_cor_AcquisitionsByResolutionOfShareholdersMeetingHeading" xlink:label="jpcrp-sbr_cor_AcquisitionsByResolutionOfShareholdersMeetingHeading" />
    <link:loc xlink:type="locator" xlink:href="http://disclosure.edinet-fsa.go.jp/taxonomy/jpcrp-sbr/2021-11-01/jpcrp-sbr_cor_2021-11-01.xsd#jpcrp-sbr_cor_AcquisitionsByResolutionOfShareholdersMeetingTextBlock" xlink:label="jpcrp-sbr_cor_AcquisitionsByResolutionOfShareholdersMeetingTextBlock" />
    <link:loc xlink:type="locator" xlink:href="http://disclosure.edinet-fsa.go.jp/taxonomy/jpcrp-sbr/2021-11-01/jpcrp-sbr_cor_2021-11-01.xsd#jpcrp-sbr_cor_AcquisitionsOfTreasurySharesHeading" xlink:label="jpcrp-sbr_cor_AcquisitionsOfTreasurySharesHeading" />
    <link:loc xlink:type="locator" xlink:href="http://disclosure.edinet-fsa.go.jp/taxonomy/jpcrp-sbr/2021-11-01/jpcrp-sbr_cor_2021-11-01.xsd#jpcrp-sbr_cor_CabinetOfficeOrdinanceOnDisclosureOfCorporateInformationEtcFormNo17ShareBuybackReportHeading" xlink:label="jpcrp-sbr_cor_CabinetOfficeOrdinanceOnDisclosureOfCorporateInformationEtcFormNo17ShareBuybackReportHeading" />
    <link:loc xlink:type="locator" xlink:href="http://disclosure.edinet-fsa.go.jp/taxonomy/jpcrp-sbr/2021-11-01/jpcrp-sbr_cor_2021-11-01.xsd#jpcrp-sbr_cor_ClassesOfSharesHeading" xlink:label="jpcrp-sbr_cor_ClassesOfSharesHeading" />
    <link:loc xlink:type="locator" xlink:href="http://disclosure.edinet-fsa.go.jp/taxonomy/jpcrp-sbr/2021-11-01/jpcrp-sbr_cor_2021-11-01.xsd#jpcrp-sbr_cor_ClassesOfSharesTextBlock" xlink:label="jpcrp-sbr_cor_ClassesOfSharesTextBlock" />
    <link:loc xlink:type="locator" xlink:href="http://disclosure.edinet-fsa.go.jp/taxonomy/jpcrp-sbr/2021-11-01/jpcrp-sbr_cor_2021-11-01.xsd#jpcrp-sbr_cor_CoverPageHeading" xlink:label="jpcrp-sbr_cor_CoverPageHeading" />
    <link:loc xlink:type="locator" xlink:href="http://disclosure.edinet-fsa.go.jp/taxonomy/jpcrp-sbr/2021-11-01/jpcrp-sbr_cor_2021-11-01.xsd#jpcrp-sbr_cor_DisposalsOfTreasurySharesHeading" xlink:label="jpcrp-sbr_cor_DisposalsOfTreasurySharesHeading" />
    <link:loc xlink:type="locator" xlink:href="http://disclosure.edinet-fsa.go.jp/taxonomy/jpcrp-sbr/2021-11-01/jpcrp-sbr_cor_2021-11-01.xsd#jpcrp-sbr_cor_DisposalsOfTreasurySharesTextBlock" xlink:label="jpcrp-sbr_cor_DisposalsOfTreasurySharesTextBlock" />
    <link:loc xlink:type="locator" xlink:href="http://disclosure.edinet-fsa.go.jp/taxonomy/jpcrp-sbr/2021-11-01/jpcrp-sbr_cor_2021-11-01.xsd#jpcrp-sbr_cor_HoldingOfTreasurySharesHeading" xlink:label="jpcrp-sbr_cor_HoldingOfTreasurySharesHeading" />
    <link:loc xlink:type="locator" xlink:href="http://disclosure.edinet-fsa.go.jp/taxonomy/jpcrp-sbr/2021-11-01/jpcrp-sbr_cor_2021-11-01.xsd#jpcrp-sbr_cor_HoldingOfTreasurySharesTextBlock" xlink:label="jpcrp-sbr_cor_HoldingOfTreasurySharesTextBlock" />
    <link:presentationArc xlink:type="arc" xlink:from="jpcrp-sbr_cor_AcquisitionsByResolutionOfBoardOfDirectorsMeetingHeading" xlink:to="jpcrp-sbr_cor_AcquisitionsByResolutionOfBoardOfDirectorsMeetingTextBlock" xlink:arcrole="http://www.xbrl.org/2003/arcrole/parent-child" order="1" />
    <link:presentationArc xlink:type="arc" xlink:from="jpcrp-sbr_cor_AcquisitionsOfTreasurySharesHeading" xlink:to="jpcrp-sbr_cor_AcquisitionsByResolutionOfShareholdersMeetingHeading" xlink:arcrole="http://www.xbrl.org/2003/arcrole/parent-child" order="1" />
    <link:presentationArc xlink:type="arc" xlink:from="jpcrp-sbr_cor_AcquisitionsByResolutionOfShareholdersMeetingHeading" xlink:to="jpcrp-sbr_cor_AcquisitionsByResolutionOfShareholdersMeetingTextBlock" xlink:arcrole="http://www.xbrl.org/2003/arcrole/parent-child" order="1" />
    <link:presentationArc xlink:type="arc" xlink:from="jpcrp-sbr_cor_CabinetOfficeOrdinanceOnDisclosureOfCorporateInformationEtcFormNo17ShareBuybackReportHeading" xlink:to="jpcrp-sbr_cor_AcquisitionsOfTreasurySharesHeading" xlink:arcrole="http://www.xbrl.org/2003/arcrole/parent-child" order="3" />
    <link:presentationArc xlink:type="arc" xlink:from="jpcrp-sbr_cor_AcquisitionsOfTreasurySharesHeading" xlink:to="jpcrp-sbr_cor_AcquisitionsByResolutionOfBoardOfDirectorsMeetingHeading" xlink:arcrole="http://www.xbrl.org/2003/arcrole/parent-child" order="2" />
    <link:presentationArc xlink:type="arc" xlink:from="jpcrp-sbr_cor_CabinetOfficeOrdinanceOnDisclosureOfCorporateInformationEtcFormNo17ShareBuybackReportHeading" xlink:to="jpcrp-sbr_cor_CoverPageHeading" xlink:arcrole="http://www.xbrl.org/2003/arcrole/parent-child" order="1" />
    <link:presentationArc xlink:type="arc" xlink:from="jpcrp-sbr_cor_CabinetOfficeOrdinanceOnDisclosureOfCorporateInformationEtcFormNo17ShareBuybackReportHeading" xlink:to="jpcrp-sbr_cor_ClassesOfSharesHeading" xlink:arcrole="http://www.xbrl.org/2003/arcrole/parent-child" order="2" />
    <link:presentationArc xlink:type="arc" xlink:from="jpcrp-sbr_cor_CabinetOfficeOrdinanceOnDisclosureOfCorporateInformationEtcFormNo17ShareBuybackReportHeading" xlink:to="jpcrp-sbr_cor_DisposalsOfTreasurySharesHeading" xlink:arcrole="http://www.xbrl.org/2003/arcrole/parent-child" order="4" />
    <link:presentationArc xlink:type="arc" xlink:from="jpcrp-sbr_cor_CabinetOfficeOrdinanceOnDisclosureOfCorporateInformationEtcFormNo17ShareBuybackReportHeading" xlink:to="jpcrp-sbr_cor_HoldingOfTreasurySharesHeading" xlink:arcrole="http://www.xbrl.org/2003/arcrole/parent-child" order="5" />
    <link:presentationArc xlink:type="arc" xlink:from="jpcrp-sbr_cor_ClassesOfSharesHeading" xlink:to="jpcrp-sbr_cor_ClassesOfSharesTextBlock" xlink:arcrole="http://www.xbrl.org/2003/arcrole/parent-child" order="1" />
    <link:presentationArc xlink:type="arc" xlink:from="jpcrp-sbr_cor_DisposalsOfTreasurySharesHeading" xlink:to="jpcrp-sbr_cor_DisposalsOfTreasurySharesTextBlock" xlink:arcrole="http://www.xbrl.org/2003/arcrole/parent-child" order="1" />
    <link:presentationArc xlink:type="arc" xlink:from="jpcrp-sbr_cor_HoldingOfTreasurySharesHeading" xlink:to="jpcrp-sbr_cor_HoldingOfTreasurySharesTextBlock" xlink:arcrole="http://www.xbrl.org/2003/arcrole/parent-child" order="1" />
  </link:presentationLink>
  <link:presentationLink xlink:type="extended" xlink:role="http://disclosure.edinet-fsa.go.jp/role/jpcrp-sbr/rol_CoverPage">
    <link:loc xlink:type="locator" xlink:href="http://disclosure.edinet-fsa.go.jp/taxonomy/jpcrp-sbr/2021-11-01/jpcrp-sbr_cor_2021-11-01.xsd#jpcrp-sbr_cor_AddressOfRegisteredHeadquarterCoverPage" xlink:label="jpcrp-sbr_cor_AddressOfRegisteredHeadquarterCoverPage" />
    <link:loc xlink:type="locator" xlink:href="http://disclosure.edinet-fsa.go.jp/taxonomy/jpcrp-sbr/2021-11-01/jpcrp-sbr_cor_2021-11-01.xsd#jpcrp-sbr_cor_ClauseOfStipulationCoverPage" xlink:label="jpcrp-sbr_cor_ClauseOfStipulationCoverPage" />
    <link:loc xlink:type="locator" xlink:href="http://disclosure.edinet-fsa.go.jp/taxonomy/jpcrp-sbr/2021-11-01/jpcrp-sbr_cor_2021-11-01.xsd#jpcrp-sbr_cor_CompanyNameCoverPage" xlink:label="jpcrp-sbr_cor_CompanyNameCoverPage" />
    <link:loc xlink:type="locator" xlink:href="http://disclosure.edinet-fsa.go.jp/taxonomy/jpcrp-sbr/2021-11-01/jpcrp-sbr_cor_2021-11-01.xsd#jpcrp-sbr_cor_CompanyNameInEnglishCoverPage" xlink:label="jpcrp-sbr_cor_CompanyNameInEnglishCoverPage" />
    <link:loc xlink:type="locator" xlink:href="http://disclosure.edinet-fsa.go.jp/taxonomy/jpcrp-sbr/2021-11-01/jpcrp-sbr_cor_2021-11-01.xsd#jpcrp-sbr_cor_CoverPageHeading" xlink:label="jpcrp-sbr_cor_CoverPageHeading" />
    <link:loc xlink:type="locator" xlink:href="http://disclosure.edinet-fsa.go.jp/taxonomy/jpcrp-sbr/2021-11-01/jpcrp-sbr_cor_2021-11-01.xsd#jpcrp-sbr_cor_DocumentTitleCoverPage" xlink:label="jpcrp-sbr_cor_DocumentTitleCoverPage" />
    <link:loc xlink:type="locator" xlink:href="http://disclosure.edinet-fsa.go.jp/taxonomy/jpcrp-sbr/2021-11-01/jpcrp-sbr_cor_2021-11-01.xsd#jpcrp-sbr_cor_FilingDateCoverPage" xlink:label="jpcrp-sbr_cor_FilingDateCoverPage" />
    <link:loc xlink:type="locator" xlink:href="http://disclosure.edinet-fsa.go.jp/taxonomy/jpcrp-sbr/2021-11-01/jpcrp-sbr_cor_2021-11-01.xsd#jpcrp-sbr_cor_NameOfContactPersonCoverPage" xlink:label="jpcrp-sbr_cor_NameOfContactPersonCoverPage" />
    <link:loc xlink:type="locator" xlink:href="http://disclosure.edinet-fsa.go.jp/taxonomy/jpcrp-sbr/2021-11-01/jpcrp-sbr_cor_2021-11-01.xsd#jpcrp-sbr_cor_NameOfContactPersonNearestPlaceOfContactCoverPage" xlink:label="jpcrp-sbr_cor_NameOfContactPersonNearestPlaceOfContactCoverPage" />
    <link:loc xlink:type="locator" xlink:href="http://disclosure.edinet-fsa.go.jp/taxonomy/jpcrp-sbr/2021-11-01/jpcrp-sbr_cor_2021-11-01.xsd#jpcrp-sbr_cor_NearestPlaceOfContactCoverPage" xlink:label="jpcrp-sbr_cor_NearestPlaceOfContactCoverPage" />
    <link:loc xlink:type="locator" xlink:href="http://disclosure.edinet-fsa.go.jp/taxonomy/jpcrp-sbr/2021-11-01/jpcrp-sbr_cor_2021-11-01.xsd#jpcrp-sbr_cor_PlaceForPublicInspectionCoverPageTextBlock" xlink:label="jpcrp-sbr_cor_PlaceForPublicInspectionCoverPageTextBlock" />
    <link:loc xlink:type="locator" xlink:href="http://disclosure.edinet-fsa.go.jp/taxonomy/jpcrp-sbr/2021-11-01/jpcrp-sbr_cor_2021-11-01.xsd#jpcrp-sbr_cor_PlaceOfFilingCoverPage" xlink:label="jpcrp-sbr_cor_PlaceOfFilingCoverPage" />
    <link:loc xlink:type="locator" xlink:href="http://disclosure.edinet-fsa.go.jp/taxonomy/jpcrp-sbr/2021-11-01/jpcrp-sbr_cor_2021-11-01.xsd#jpcrp-sbr_cor_ReportingPeriodCoverPage" xlink:label="jpcrp-sbr_cor_ReportingPeriodCoverPage" />
    <link:loc xlink:type="locator" xlink:href="http://disclosure.edinet-fsa.go.jp/taxonomy/jpcrp-sbr/2021-11-01/jpcrp-sbr_cor_2021-11-01.xsd#jpcrp-sbr_cor_TelephoneNumberAddressOfRegisteredHeadquarterCoverPage" xlink:label="jpcrp-sbr_cor_TelephoneNumberAddressOfRegisteredHeadquarterCoverPage" />
    <link:loc xlink:type="locator" xlink:href="http://disclosure.edinet-fsa.go.jp/taxonomy/jpcrp-sbr/2021-11-01/jpcrp-sbr_cor_2021-11-01.xsd#jpcrp-sbr_cor_TelephoneNumberNearestPlaceOfContactCoverPage" xlink:label="jpcrp-sbr_cor_TelephoneNumberNearestPlaceOfContactCoverPage" />
    <link:loc xlink:type="locator" xlink:href="http://disclosure.edinet-fsa.go.jp/taxonomy/jpcrp-sbr/2021-11-01/jpcrp-sbr_cor_2021-11-01.xsd#jpcrp-sbr_cor_TitleAndNameOfRepresentativeCoverPage" xlink:label="jpcrp-sbr_cor_TitleAndNameOfRepresentativeCoverPage" />
    <link:presentationArc xlink:type="arc" xlink:from="jpcrp-sbr_cor_CoverPageHeading" xlink:to="jpcrp-sbr_cor_DocumentTitleCoverPage" xlink:arcrole="http://www.xbrl.org/2003/arcrole/parent-child" order="1" />
    <link:presentationArc xlink:type="arc" xlink:from="jpcrp-sbr_cor_CoverPageHeading" xlink:to="jpcrp-sbr_cor_ClauseOfStipulationCoverPage" xlink:arcrole="http://www.xbrl.org/2003/arcrole/parent-child" order="2" />
    <link:presentationArc xlink:type="arc" xlink:from="jpcrp-sbr_cor_CoverPageHeading" xlink:to="jpcrp-sbr_cor_PlaceOfFilingCoverPage" xlink:arcrole="http://www.xbrl.org/2003/arcrole/parent-child" order="3" />
    <link:presentationArc xlink:type="arc" xlink:from="jpcrp-sbr_cor_CoverPageHeading" xlink:to="jpcrp-sbr_cor_FilingDateCoverPage" xlink:arcrole="http://www.xbrl.org/2003/arcrole/parent-child" order="4" />
    <link:presentationArc xlink:type="arc" xlink:from="jpcrp-sbr_cor_CoverPageHeading" xlink:to="jpcrp-sbr_cor_ReportingPeriodCoverPage" xlink:arcrole="http://www.xbrl.org/2003/arcrole/parent-child" order="5" />
    <link:presentationArc xlink:type="arc" xlink:from="jpcrp-sbr_cor_CoverPageHeading" xlink:to="jpcrp-sbr_cor_CompanyNameCoverPage" xlink:arcrole="http://www.xbrl.org/2003/arcrole/parent-child" order="6" />
    <link:presentationArc xlink:type="arc" xlink:from="jpcrp-sbr_cor_CoverPageHeading" xlink:to="jpcrp-sbr_cor_CompanyNameInEnglishCoverPage" xlink:arcrole="http://www.xbrl.org/2003/arcrole/parent-child" order="7" />
    <link:presentationArc xlink:type="arc" xlink:from="jpcrp-sbr_cor_CoverPageHeading" xlink:to="jpcrp-sbr_cor_TitleAndNameOfRepresentativeCoverPage" xlink:arcrole="http://www.xbrl.org/2003/arcrole/parent-child" order="8" />
    <link:presentationArc xlink:type="arc" xlink:from="jpcrp-sbr_cor_CoverPageHeading" xlink:to="jpcrp-sbr_cor_AddressOfRegisteredHeadquarterCoverPage" xlink:arcrole="http://www.xbrl.org/2003/arcrole/parent-child" order="9" />
    <link:presentationArc xlink:type="arc" xlink:from="jpcrp-sbr_cor_CoverPageHeading" xlink:to="jpcrp-sbr_cor_TelephoneNumberAddressOfRegisteredHeadquarterCoverPage" xlink:arcrole="http://www.xbrl.org/2003/arcrole/parent-child" order="10" />
    <link:presentationArc xlink:type="arc" xlink:from="jpcrp-sbr_cor_CoverPageHeading" xlink:to="jpcrp-sbr_cor_NameOfContactPersonCoverPage" xlink:arcrole="http://www.xbrl.org/2003/arcrole/parent-child" order="11" />
    <link:presentationArc xlink:type="arc" xlink:from="jpcrp-sbr_cor_CoverPageHeading" xlink:to="jpcrp-sbr_cor_NearestPlaceOfContactCoverPage" xlink:arcrole="http://www.xbrl.org/2003/arcrole/parent-child" order="12" />
    <link:presentationArc xlink:type="arc" xlink:from="jpcrp-sbr_cor_CoverPageHeading" xlink:to="jpcrp-sbr_cor_TelephoneNumberNearestPlaceOfContactCoverPage" xlink:arcrole="http://www.xbrl.org/2003/arcrole/parent-child" order="13" />
    <link:presentationArc xlink:type="arc" xlink:from="jpcrp-sbr_cor_CoverPageHeading" xlink:to="jpcrp-sbr_cor_NameOfContactPersonNearestPlaceOfContactCoverPage" xlink:arcrole="http://www.xbrl.org/2003/arcrole/parent-child" order="14" />
    <link:presentationArc xlink:type="arc" xlink:from="jpcrp-sbr_cor_CoverPageHeading" xlink:to="jpcrp-sbr_cor_PlaceForPublicInspectionCoverPageTextBlock" xlink:arcrole="http://www.xbrl.org/2003/arcrole/parent-child" order="15" />
  </link:presentationLink>
</link:linkbase>